nr_ambulancias,nr_emergencias,distancia_total_media,tempo_medio_de_resposta,velocidade_media,media_de_gravidades
1,1,30.415145343724085,0.0,10.0,7.0
1,2,30.54027454646664,0.0,24.0,10.5
2,1,98.5305105721092,4.404541952652355,20.5,28.0
2,2,83.83879961298841,6.659625409019558,30.5,20.5
2,3,97.44331587152779,11.555673671126831,40.0,17.333333333333332
